Id;From-User;To-User;Text
1660544493664489472;i-Cup Bubble Tea;;"Diskon 20% Gofood
?? ICup Sultan Agung
Berlaku juga untuk kemasan botol 1Liter
??Ice Taro Milk ??
??Milk Tea Choco??
Grab it fast gaess??

#boba #icupbubbletea #diskonbandung #Promoo #Like #MondayMotivaton #MondayMood #sundayvibes #FYP

https://t.co/6tnvaxsrfc"
1660536743937064960;A. Widy K;centraljavaspot;@xkode06 Mayan buat pick up mixue diskon pick up 17% plus pakai grab gift nya https://t.co/vFh9tukiuH
1660536366210617344;A. Widy K;centraljavaspot;@i_m_mortal_ Mayan buat pick up mixue diskon pick up 17% plus pakai grab gift nya https://t.co/8vGXUUKjmJ
1660535709344866309;Abun Mikaless || Opennn • MT after dm ????;;RT @buerbatos: ??HI HIIII! dalam rangka ak akhirny lulus (anjay), ak mw ngsih special offer nih! setiap joki di bawah 10k bakal dapet disko…
1660527158476013568;/DF - Baca Likes teratas untuk kirim menfess;;/tanya maaf kalo oot, aku kan mau beli gacoan di grab pickup biar dapet diskon hehe, nanti itu ikutan ngantri atau udah ada tempatnya sendiri yaa buat pickup? thanks
1660524442521579523;zee ?? order ke @fkaruzan;;RT @buerbatos: ??HI HIIII! dalam rangka ak akhirny lulus (anjay), ak mw ngsih special offer nih! setiap joki di bawah 10k bakal dapet disko…
1660521309485568000;Ceyen???? clearance sell underprice seventeen;KimloyG;@KimloyG Grab banyak diskon mjirrr
1660499014620676101;Asri Eviana;;"RT @GrabID: Pertandingan mana nih yg kamu tunggu minggu ini? Yuk dukung tim jagoanmu dengan nonton di Vidio!
Langganan sekarang di sini & d…"
1660496425711710208;Timmy Christian O;i_m_mortal_;"@i_m_mortal_ Kak im, bisa bantu rt?
Wts grab transport voch nominal 10k, dijual 5300.

Makasih kak

Wtb wts ojek promo zonauang diskon cashback https://t.co/XeLbBujU9o"
1660490405593628672;mei •?•;;"RT @ofMagique: Help RT, please? Thank you! ?

Hayi. Jillie datang dengan ready stock spesial ? ZEROBASEONE ? yang bisa langsung diangkut. H…"
1660486706355896320;Grab Indonesia;cindypnr;@cindypnr Mau menu makan siang & malam yang nikmat & hemat. Pesen pake Group Order di GrabFood Kak, pesen ramean bebas seenaknya pilihnya masing-masing! Ada diskon s/d Rp150rb nih ?? Langsung pesen di sini ya????-Tita https://t.co/8Zxmd95Xyu
1660486409978003457;Grab Indonesia;saladfourth;@saladfourth Pesen pake Group Order di GrabFood aja Kak, pesen ramean bebas seenaknya pilihnya masing-masing! Mumpung ada diskon s/d Rp150rb nih ?? Langsung pesen di sini ya????-Tita https://t.co/8Zxmd95Xyu
1660486304893923330;Grab Indonesia;thecapablekings;@thecapablekings Mau jajan ramean lagi, pake fitur Group Order di GrabFood aja Kak bisa bebas seenaknya pilih masing2. Apalagi ada diskon s/d Rp150rb, gausah repot2 muterin HP nanyain satu-satu mau jajan apa deh xixi. Klik langsung di sini ya????-Tita https://t.co/8Zxmd95Xyu
1660486214955466753;Grab Indonesia;adeknyadyo;@adeknyadyo Mau promo GrabFood? Pake fitur Group Order di GrabFood aja Kak bisa bebas seenaknya pilih masing2. Apalagi ada diskon s/d Rp150rb, gausah repot2 muterin HP nanyain satu-satu mau jajan apa deh xixi. Klik langsung di sini ya????-Tita https://t.co/8Zxmd95Xyu
1660486090774708225;rossy;;"RT @ofMagique: Help RT, please? Thank you! ?

Hayi. Jillie datang dengan ready stock spesial ? ZEROBASEONE ? yang bisa langsung diangkut. H…"
1660486025993674752;Grab Indonesia;haireached;@haireached Biar gak bingung masak apa pesen pake Group Order di GrabFood Kak, menunya lengkap & nikmat, pesen ramean bebas seenaknya pilihnya masing-masing! Ada diskon s/d Rp150rb nih ?? Langsung pesen di sini ya????-Tita https://t.co/8Zxmd95Xyu
1660485934222282752;Grab Indonesia;sfarichaaa;@sfarichaaa ?? oh iya Kak, saat ini layanan GrabFood dah bisa pake fitur Group Order. Kak bisa bebas seenaknya pilih masing2 & ada diskon s/d Rp150rb, gausah repot2 muterin HP nanyain satu-satu mau jajan apa deh xixi. Klik langsung di sini ya????-Tita https://t.co/8Zxmd95Xyu
1660485848159375360;Grab Indonesia;MILFD0;@MILFD0 Gaskuennn...Pesen pake Group Order di GrabFood aja Kak, pesen ramean bebas seenaknya pilihnya masing-masing! Mumpung ada diskon s/d Rp150rb nih ?? Langsung pesen di sini ya????-Tita https://t.co/8Zxmd95Xyu
1660485674359992320;Grab Indonesia;wnggrni;@wnggrni Eitss...tenang, pesen pake Group Order di GrabFood aja Kak, pesen ramean bebas seenaknya pilihnya masing-masing! Mumpung ada diskon s/d Rp150rb nih ?? Langsung pesen jajannya di sini ya????-Tita https://t.co/8Zxmd95Xyu
1660485552930693122;Grab Indonesia;pethricoor;@pethricoor Pesen pake Group Order di GrabFood aja Kak, pesen ramean bebas seenaknya pilihnya masing-masing! Mumpung ada diskon s/d Rp150rb nih ?? Langsung pesen jajannya di sini ya????-Tita https://t.co/8Zxmd95Xyu
1660484992760422400;Grab Indonesia;marikitaw1n;@marikitaw1n Mau Promo GrabFood? Pesen pake Group Order di GrabFood aja Kak, pesen ramean bebas seenaknya pilihnya masing-masing! Mumpung ada diskon s/d Rp150rb nih ?? Langsung pesen di sini ya????-Tita https://t.co/8Zxmd95Xyu
1660484876448186371;Grab Indonesia;Irmatazme;@Irmatazme Mau Promo GrabFood? Pesen pake Group Order di GrabFood aja Kak, pesen ramean bebas seenaknya pilihnya masing-masing! Mumpung ada diskon s/d Rp150rb nih ?? Langsung pesen di sini ya????-Tita https://t.co/8Zxmd95Xyu
1660484295549648897;Grab Indonesia;amalina_ade;@amalina_ade Tenang kak, kalau laper pesen makan fitur Group Order di GrabFood aja Kak?? bisa bebas seenaknya pilih masing2 & barteran jajan ?? Apalagi ada diskon s/d Rp150rb loh. Yuk langsung klik di sini????-Mawar https://t.co/8Zxmd95Xyu
1660483995078115333;Grab Indonesia;kakmikey;@kakmikey Eitss...tenang, pesen pake Group Order di GrabFood aja Kak, gak perlu repot keluar & mau pesen ramean bebas seenaknya pilihnya masing-masing! Ada diskon s/d Rp150rb juga loh?? Yuk langsung pesen di sini ya????-Tita https://t.co/8Zxmd95Xyu
1660483007898337283;talo ?? — joki genshin! pls @ aft DM ?;;RT @buerbatos: ??HI HIIII! dalam rangka ak akhirny lulus (anjay), ak mw ngsih special offer nih! setiap joki di bawah 10k bakal dapet disko…
1660482054860214272;?;;"RT @ofMagique: Help RT, please? Thank you! ?

Hayi. Jillie datang dengan ready stock spesial ? ZEROBASEONE ? yang bisa langsung diangkut. H…"
1660481212002222080;awa ? joki genshin ?? open;;RT @buerbatos: ??HI HIIII! dalam rangka ak akhirny lulus (anjay), ak mw ngsih special offer nih! setiap joki di bawah 10k bakal dapet disko…
1660480937204011008;Risu open!;;RT @buerbatos: ??HI HIIII! dalam rangka ak akhirny lulus (anjay), ak mw ngsih special offer nih! setiap joki di bawah 10k bakal dapet disko…
1660480765178818562;ija??—OPEN! disc 15%;;"??HI HIIII! dalam rangka ak akhirny lulus (anjay), ak mw ngsih special offer nih! setiap joki di bawah 10k bakal dapet diskon 10% dan joki di atasnya dapet diskon 15% ingyh ????

brlaku smpe tanggal 31 mei ajh krna ujian skolahku kmren sminggu 3 hari doang sooo grab it fast???? https://t.co/mAKalzhQjd"
1660478503421366272;Hara ? App Premium;;"RT @ofMagique: Help RT, please? Thank you! ?

Hayi. Jillie datang dengan ready stock spesial ? ZEROBASEONE ? yang bisa langsung diangkut. H…"
1660478342230069249;open apk prem;;"RT @ofMagique: Help RT, please? Thank you! ?

Hayi. Jillie datang dengan ready stock spesial ? ZEROBASEONE ? yang bisa langsung diangkut. H…"
1660478254069985280;Jillie: ?? READY STOCK ZB1;;"Help RT, please? Thank you! ?

Hayi. Jillie datang dengan ready stock spesial ? ZEROBASEONE ? yang bisa langsung diangkut. Harga bisa dilihat di ALT, ada diskon kalau beli banyak lho!

Payment via QRIS dan all e-wallet. Go grab yours! ????

#zonauang https://t.co/uBelDO2vId"
1660432799730663424;InBengkulu;;SPESIAL AKHIR BULAN MEI 2023! Inilah 30 Kode Promo Gojek dan Grab, Auto Dapatkan Diskon Cashback 90 Persen - Dicintai https://t.co/FUmweDeTd3
1660344496318742528;Gadogadocom | yang promo;;"RT @gado2shangdian: Aku nemu promo menarik di Lazada nih. Yuk coba lihat!
Nama Produk:  Grab Mart Voucher Value Rp 100.000 - Digital Code
H…"
1660312193915842560;akun andromu;;SPESIAL AKHIR BULAN MEI 2023! Inilah 30 Kode Promo Gojek dan Grab, Auto Dapatkan Diskon Cashback 90 Persen - Dicintai https://t.co/GmjfYt9tnM
1660311114637541376;bombom;GrabID;"@GrabID B. Ikan Gurame 
#GrabMartID   #SpesialisSegarGrabMart  grab gaa ada obat emang diskon teruss"
1660289909394132993;????????;;sangar bener diskon nya grab. 131k loh jadi 17k?? https://t.co/Hk2fM4wnmQ
1660247404594212867;SEAN;aloorissa;@aloorissa No 1468920 ya kak, scroll aja. Tinggal 1 lagi, grab it fast! Masih diskon 1 menit lagi ????
1660242135340425218;syify;;diskon sin nan da di grab lumayan bgt deh for my broke ass ????????
1660230923760304130;s;discountfess;@discountfess Di lazada lg ada diskon 2k, sama di grab coba cek2 pas apply vouchernya suka ada diskon jg atau tokped jg ada nder
1660219556424716288;ARössid1987??;;"RT @GrabID: Pertandingan mana nih yg kamu tunggu minggu ini? Yuk dukung tim jagoanmu dengan nonton di Vidio!
Langganan sekarang di sini & d…"
1660215467557130240;reza shaputra;;"RT @GrabID: Pertandingan mana nih yg kamu tunggu minggu ini? Yuk dukung tim jagoanmu dengan nonton di Vidio!
Langganan sekarang di sini & d…"
1660214588003196929;Grab Indonesia;;"Pertandingan mana nih yg kamu tunggu minggu ini? Yuk dukung tim jagoanmu dengan nonton di Vidio!
Langganan sekarang di sini & dapetin voucher diskon Grab s.d. 560rb ?? https://t.co/9HhP0ywzo6 https://t.co/1eqwfVRxAv"
1660208741168611328;portalyogya.com;;"Ada 12 kombinasi Kode Promo Gojek dan Grab yang bisa kamu klaim untuk mendapatkan berbagai diskon spesial di bulan Mei 2023.

#portalyogya #Gojek #Grab 

https://t.co/1wnhvAWk6x"
1660169686104014848;zifa #GoldenHour;;"Wts voc grab express diskon 95% maks. 10k, fee 3k, prefer dom jabodetabek. Fast respon chat wa di bio @suzumeselle

Wts voc gosend

#zonauang #zonabu #zonaba https://t.co/hb1R075Q8S"
1660148923007389698;Grab Indonesia;xmilteea;@xmilteea Eitss, kalau laper pesen makan fitur Group Order di GrabFood aja Kak?? bisa bebas seenaknya pilih masing2 & barteran jajan ?? Apalagi ada diskon s/d Rp150rb loh. Yuk langsung klik di sini????-Mawar https://t.co/8Zxmd95Xyu
1660148851234476032;Grab Indonesia;ppwandita;@ppwandita Eitss, kalau laper pesen makan fitur Group Order di GrabFood aja Kak?? bisa bebas seenaknya pilih masing2 & barteran jajan ?? Apalagi ada diskon s/d Rp150rb loh. Yuk langsung klik di sini????-Mawar https://t.co/8Zxmd95Xyu
1660148787317448707;Grab Indonesia;chumeitian_;@chumeitian_ Eitss, kalau laper pesen makan fitur Group Order di GrabFood aja Kak?? bisa bebas seenaknya pilih masing2 & barteran jajan ?? Apalagi ada diskon s/d Rp150rb loh. Yuk langsung klik di sini????-Mawar https://t.co/8Zxmd95Xyu
1660148721672400896;Grab Indonesia;nuniun;@nuniun Eitss, kalau laper pesen makan fitur Group Order di GrabFood aja Kak?? bisa bebas seenaknya pilih masing2 & barteran jajan ?? Apalagi ada diskon s/d Rp150rb loh. Yuk langsung klik di sini????-Mawar https://t.co/8Zxmd95Xyu
1660148651052900352;Grab Indonesia;ssxobin;@ssxobin Eitss...pengen Jajan?,  cusss pake Group Order di GrabFood aja Kak, pesen ramean bebas seenaknya pilihnya masing-masing! Mumpung ada diskon s/d Rp150rb nih ?? Langsung pesen jajannya di sini ya????-Mawar https://t.co/8Zxmd95Xyu
1660148460509855744;Grab Indonesia;aprilbigwinplzz;@aprilbigwinplzz Eitss...pengen Jajan?,  cusss pake Group Order di GrabFood aja Kak, pesen ramean bebas seenaknya pilihnya masing-masing! Mumpung ada diskon s/d Rp150rb nih ?? Langsung pesen jajannya di sini ya????-Mawar https://t.co/8Zxmd95Xyu
1660129696414310400;@racunshopeecheck ?;racunshpeecheck;"PROMO KOPER POLO 20 INC CABIN SIZE BISA INSTAN GRAB, 

Rating : 4,9
Cek Diskon : https://t.co/yebmCqhDTB
Gratis Ongkir : https://t.co/5xLiVjuJhl https://t.co/1vusISKdPw"
1660125772844249092;Vidio;;"Bisa jajan asik dari rumah! Pesan makanan di Grab food untuk nemenin kamu nonton di Vidio! Klik disini untuk dapatkan diskon sekarang https://t.co/VS8C6hazJz

#SemuaAdaDiVidio https://t.co/TTUp7yBnAp"
1660086027518881792;wts voc grab gosend jasa isi kuisioner;;"Wts voc grab express diskon 95% maks. 10k, fee 3k, prefer dom jabodetabek. Fast respon chat wa di bio

Wts voc gosend https://t.co/jSnhsi97YG"
1660050811597234176;zifa #GoldenHour;;"Wts voc grab express diskon 95% maks. 10k, fee 3k, prefer dom jabodetabek. Fast respon chat wa di bio @suzumeselle

Wts voc gosend https://t.co/hb1R075Q8S"
1659959934312910848;Diskon Link;;Kode Promo Grab Hari Ini 19 Mei 2023, Diskon Kaget GrabFood 40 Persen, GrabMart Potongan Rp 50 ribu https://t.co/fNOXm7aTcA https://t.co/EOWxAW2qAZ
1659875229982945283;Raka Andrean Hartawan;;Sekarang diskon makanan dah ga ada apa ya di Grab sama Gojek ??
1659859598118121472;Grab Indonesia;junkieywannabe;@junkieywannabe Tenang kak, kalau laper pesen makan fitur Group Order di GrabFood aja Kak?? bisa bebas seenaknya pilih masing2 & barteran jajan ?? Apalagi ada diskon s/d Rp150rb loh. Yuk langsung klik di sini????-Mawar https://t.co/8Zxmd95Xyu
1659859550605029376;Grab Indonesia;214bloom;@214bloom Eitss, kalau laper pesen makan fitur Group Order di GrabFood aja Kak?? bisa bebas seenaknya pilih masing2 & barteran jajan ?? Apalagi ada diskon s/d Rp150rb loh. Yuk langsung klik di sini????-Mawar https://t.co/8Zxmd95Xyu
1659859503578501120;Grab Indonesia;tangszuyok;@tangszuyok Nah pas banget laper pesen makan fitur Group Order di GrabFood aja Kak?? bisa bebas seenaknya pilih masing2 & barteran jajan ?? Apalagi ada diskon s/d Rp150rb loh. Yuk langsung klik di sini????-Mawar https://t.co/8Zxmd95Xyu
1659859456052834305;Grab Indonesia;er0rnt;@er0rnt Eitss, kalau laper pesen makan fitur Group Order di GrabFood aja Kak?? bisa bebas seenaknya pilih masing2 & barteran jajan ?? Apalagi ada diskon s/d Rp150rb loh. Yuk langsung klik di sini????-Mawar https://t.co/8Zxmd95Xyu
1659859409051455490;Grab Indonesia;megarach24;@megarach24 Tenang kak, kalau laper pesen makan fitur Group Order di GrabFood aja Kak?? bisa bebas seenaknya pilih masing2 & barteran jajan ?? Apalagi ada diskon s/d Rp150rb loh. Yuk langsung klik di sini????-Mawar https://t.co/8Zxmd95Xyu
1659859361655836672;Grab Indonesia;alnayxkirs;@alnayxkirs Tenang kak, kalau laper pesen makan fitur Group Order di GrabFood aja Kak?? bisa bebas seenaknya banyak pilihan?? Apalagi ada diskon s/d Rp150rb loh. Yuk langsung klik di sini????-Mawar https://t.co/8Zxmd95Xyu
1659859306278457345;Grab Indonesia;seishiraw;"@seishiraw Nah biar makin seru dan pastinya hemat kalo mau makan bareng temen, pesen GrabFood trus pake fitur Group Order aja Kak?? Bisa bebas seenaknya pilih masing2 dan ada diskon s/d Rp150rb. Klik langsung di sini ya????-Mawar 
https://t.co/8Zxmd95Xyu"
1659822584299667456;zifa #GoldenHour;;"Wts voc grab express diskon 95% maks. 10k, fee 3k, prefer dom jabodetabek
Detail di bawah ya
#zonauang #zonabu #zonajajan https://t.co/hb1R075Q8S"
1659817520327696389;wts voc grab gosend jasa isi kuisioner;;"Wts voc grab express diskon 95% maks. 10k, fee 3k, prefer dom jabodetabek. Fast respon chat wa di bio

Wts voc gosend https://t.co/jSnhsi97YG"
1659730371951616001;wts voc grab gosend jasa isi kuisioner;;"Wts voc grab express diskon 95% maks. 10k, fee 3k, prefer dom jabodetabek. Fast respon chat wa di bio

Wts voc gosend https://t.co/jSnhsi97YG"
1659621947146158092;simsalabim abrakadabpret;EkoGunaw112358;"@EkoGunaw112358 @enoughectic @tanyakanrl W klo mesen apa2 gofood, grab, shopee, lazada, toped apalagi diskon hunter
Namanya mesen sesuatu tuh seexcited itu krn pesanan kita mau nyampe
Saking excitednya sblm kurir dtg kita udh siap, standby depan pintu, stanby hp, klo Cod duit udh siap 
Kan memudahkan kurir jg"
1659563302136209411;Mein name ist;;"Sekarang itu keahlian Excel dibutuhin dimana-mana loh.. Jadi ayoo segera join Excel Class di Vocasia, biar kamu bisa mengoperasikan Excel dengan sat set dan kamu diincar banyak perusahaan. 

Yuk grab it fast disinii https://t.co/hT8BXeUyUe

Mumpung masih harga diskon nihh?? https://t.co/1ZHG9rW2Nq"
1659562013943803905;Mein name ist;;"Haloo gaiss pengen jago digital marketing? Tapi biasanya kelas Digital Marketing tuh mahal?? Oh tenangg di vocasia lagi ada diskon nih buat kamu yang pengen belajar Digital Marketing. 

Tinggal klik disini ajaa https://t.co/TBKFUnJLjv

Grab it fast!! Jangan sampe ketinggalan?? https://t.co/E75pmqOxV5"
1659509975163756545;Diskon Link;;Kode Promo Grab Hari Ini 19 Mei 2023, Diskon Kaget GrabFood 40 Persen, GrabMart Potongan Rp 50 ribu    https://t.co/oMkE67q6Cy https://t.co/ltPblsK6zA
1659479871192481792;Diskon Link;;Kode Promo Grab Hari Ini 19 Mei 2023, Diskon Kaget GrabFood 40 Persen, GrabMart Potongan Rp 50 ribu    https://t.co/XT1eZOMwFD https://t.co/81JxZDx61I
1659449850927144962;Diskon Link;;Kode Promo Grab Hari Ini 19 Mei 2023, Diskon Kaget GrabFood 40 Persen, GrabMart Potongan Rp 50 ribu    https://t.co/g4J1gVGGi2 https://t.co/hvHmbnvuyn
1659430108141330432;andah;;janco ini grab gofut shopfut gaada diskon kh
1659427412034359298;/DF - Baca Likes teratas untuk kirim menfess;;/tanya di grab biasanya ada diskon pejuang ovo itu, ada yang tau kode nya apa? tadi sebelum isi ovo ada, pas udah top up malah ilang
1659416488946827264;Grab Indonesia;acilday;@acilday Tenang kak, kalau laper pesen makan fitur Group Order di GrabFood aja Kak?? bisa bebas seenaknya pilih masing2 & barteran jajan ?? Apalagi ada diskon s/d Rp150rb loh. Yuk langsung klik di sini????-Mawar https://t.co/8Zxmd95Xyu
1659416416074989568;Grab Indonesia;kantongtipis0;@kantongtipis0 Tenang kak, kalau laper pesen makan fitur Group Order di GrabFood aja Kak?? bisa bebas seenaknya pilih masing2 & barteran jajan ?? Apalagi ada diskon s/d Rp150rb loh. Yuk langsung klik di sini????-Mawar https://t.co/8Zxmd95Xyu
1659416331840798720;Grab Indonesia;mozjito;@mozjito Tenang kak, kalau laper pesen makan fitur Group Order di GrabFood aja Kak?? bisa bebas seenaknya pilih masing2 & barteran jajan ?? Apalagi ada diskon s/d Rp150rb loh. Yuk langsung klik di sini????-Mawar https://t.co/8Zxmd95Xyu
1659415839689572353;Grab Indonesia;7isdream;@7isdream Tenang kak, kalau laper pesen makan fitur Group Order di GrabFood aja Kak?? bisa bebas seenaknya pilih masing2 & barteran jajan ?? Apalagi ada diskon s/d Rp150rb loh. Yuk langsung klik di sini????-Mawar https://t.co/8Zxmd95Xyu
1659415584646504453;Grab Indonesia;IceMatchaaa10;@IceMatchaaa10 Makin seru dan pastinya hemat kalo mau makan bareng tetangga kosan, pesen GrabFood trus pake fitur Group Order aja Kak?? Bisa bebas seenaknya pilih masing2 dan ada diskon s/d Rp150rb. Klik langsung di sini ya????-Mawar https://t.co/8Zxmd95Xyu
1659411628826451971;Grab Indonesia;cnehlebom;@cnehlebom Kalo mau makan bareng yg pastinya bikin hemat, pesen GrabFood trus pake fitur Group Order aja  ?? Bisa bebas seenaknya pilih masing2 dan ada diskon s/d Rp150rb. Klik langsung di sini ya????-Mawar https://t.co/8Zxmd95Xyu
1659405412058402818;pita.;dolceylatte;@dolceylatte tapi gacoan mah emang selalu dapet diskon dari grab sih wkwkwkwk tapi yaaa lumayan
1659403823159582720;pita.;dolceylatte;@dolceylatte beli yuk ada diskon di grab??
1659376448824832001;akun andromu;;15 Kumpulan Kode Promo Grab Akhir Pekan Minggu Kedua Mei 2023, Ada Banyak Diskon GrabFood GrabCar dan GrabBike - Dicintai https://t.co/WqHgrxdo9I
1659351683472982016;InBengkulu;;15 Kumpulan Kode Promo Grab Akhir Pekan Minggu Kedua Mei 2023, Ada Banyak Diskon GrabFood GrabCar dan GrabBike - Dicintai https://t.co/OBtTf6RFKy
1659327986850746369;???? ? ???K??;;"RT @BlueBMarket: Anyeong ARMY! ???
Kita lagi open PO lanyard MURCE BANGET buat August D in Jakarta lohh! ??

??Khusus PO kita kasih diskon ja…"
1659191649678036999;Ti.;;jadi kangen promo grab 2018, 8 cheese burger bk cuma 75 ribu trus ada diskon lagi jdi cuma 50an rb ????
1659175478270509056;????? ?????? ???????;;RT @bittercaffeines: Domino’$ pizza drama bgt jir masa gabisa mesen lewat grab. Giliran pake app lgsg dibikinin. Mentang2 grab ada voucher…
1659151072425050113;dori;hokubuu;@hokubuu aku grab jarang karena ga pernah dapet voucher diskon nangis beda 4ribu kalo ke sopi ghojek sama sopi masi muraham sopi cuman gitu misal bissa 35 jadi 49 [totalan beli bulan lalu sama sekarang]
1659148064685457408;bil;adoredle;@adoredle Sopipey lebih mahal ga sie dor. Aku seringnya pake grab wkwkw. Tapi diskon sopipey suka Gede sih
1659139795514458113;Grab Indonesia;serachien;"@serachien ""Biar makin seru makan bareng keluarga, pesen di GrabFood trus pake fitur Group Order aja Kak ?? Bisa bebas seenaknya pilih masing2 dan ada diskon s/d Rp150rb. Klik langsung di sini ya????-Budi  
https://t.co/8Zxmd95Xyu """
1659139343041327106;Grab Indonesia;hayuhuuu;@hayuhuuu Cusss beli di GrabFood aja Kak?? Sekarang pake fitur Group Order, bisa jajan ramean & bebas seenaknya pilih masing2. Ada diskon s/d Rp150rb & gausah repot2 muterin HP nanyain satu-satu mau jajan apa deh xixi. Klik langsung di sini ya????-Tita https://t.co/8Zxmd95Xyu
1659138965268512770;Grab Indonesia;jalnandanze;@jalnandanze Cusss beli di GrabFood aja Kak?? Sekarang pake fitur Group Order, bisa jajan ramean & bebas seenaknya pilih masing2. Ada diskon s/d Rp150rb & gausah repot2 muterin HP nanyain satu-satu mau jajan apa deh xixi. Klik langsung di sini ya????-Tita https://t.co/8Zxmd95pIW
1659138910994448391;Grab Indonesia;ce_niisa;@ce_niisa Pesen pake Group Order di GrabFood aja Kak, pesen ramean bebas seenaknya pilihnya masing-masing! Mumpung ada diskon s/d Rp150rb nih ??. Langsung pesen di sini ya????-Tita https://t.co/8Zxmd95Xyu
1659138864353800195;Grab Indonesia;Raffi_Perdana21;@Raffi_Perdana21 Siang atau Malam gak masalah, selama pesen makannya pake Group Order di GrabFood Kak??Pesen ramean bebas seenaknya pilihnya masing-masing! Mumpung ada diskon s/d Rp150rb nih ??. Langsung pesen di sini ya????-Tita https://t.co/8Zxmd95Xyu
1659138810666467328;Grab Indonesia;clazsygirl;@clazsygirl Bingung mau ngemil apa? Ceki-ceki di GrabFood aja Kak?? Ada fitur Group Order juga, jadi bisa pesen ramean bareng sabahat atau keluarga?? Bebas seenaknya pilihnya masing-masing & diskon s/d Rp150rb loh??. Yuk lgs pesen di sini ya????-Tita https://t.co/8Zxmd95pIW
1659138761618501633;Grab Indonesia;jenoping;@jenoping Cusss langsung ceki-ceki di GrabFood aja Kak?? Beragam cemilan lengkap tersedia,  pake Group Order bisa pesen ramean bareng sabahat atau keluarga?? Bebas seenaknya pilihnya masing-masing & diskon s/d Rp150rb loh?? Yuk lgs pesen di sini ya????-Tita https://t.co/8Zxmd95Xyu
1659138714747162626;Grab Indonesia;hayuhuuu;@hayuhuuu Mau jajan banyakkk, pake fitur Group Order di GrabFood aja Kak?? Bisa bebas seenaknya pilih masing2. Apalagi ada diskon s/d Rp150rb, jajan jadi hemat & nikmat.  Klik langsung di sini ya????-Tita https://t.co/8Zxmd95Xyu
1659138623122595840;Grab Indonesia;teacup0303;"@teacup0303 ""Biar makin seru makan barengnya, pesen GrabFood trus pake fitur Group Order aja  ?? Bisa bebas seenaknya pilih masing2 dan ada diskon s/d Rp150rb. Klik langsung di sini ya????-Budi  
https://t.co/8Zxmd95Xyu """
1659138569380970497;Grab Indonesia;slvruqueen;"@slvruqueen ""Kalo mau makan bareng yg pastinya bikin hemat, pesen GrabFood trus pake fitur Group Order aja  ?? Bisa bebas seenaknya pilih masing2 dan ada diskon s/d Rp150rb. Klik langsung di sini ya????-Budi  
https://t.co/8Zxmd95Xyu """
1659138512522977282;Grab Indonesia;hellocola10;"@hellocola10 @NyimasLaula ""Biar ga kejadian kayak gitu lagi, kalo mau makan bareng temen, pesen di GrabFood trus pake fitur Group Order aja Kak ?? Bisa bebas seenaknya pilih masing2 dan ada diskon s/d Rp150rb. Klik langsung di sini ya????-Budi  
https://t.co/8Zxmd95Xyu"""
1659138410437820417;Grab Indonesia;septianvirgie;"@septianvirgie ""Biar makin seru makan bareng keluarga, pesen di GrabFood trus pake fitur Group Order aja Kak ?? Bisa bebas seenaknya pilih masing2 dan ada diskon s/d Rp150rb. Klik langsung di sini ya????-Budi  
https://t.co/8Zxmd95Xyu"""
1659138345321070600;Grab Indonesia;Ackerenlev;"@Ackerenlev ""Biar makin seru makan bareng keluarga, pesen di GrabFood trus pake fitur Group Order aja Kak ?? Bisa bebas seenaknya pilih masing2 dan ada diskon s/d Rp150rb. Klik langsung di sini ya????-Budi  
https://t.co/8Zxmd95pIW """
1659138275037310977;Grab Indonesia;Ackerenlev;"@Ackerenlev @balabala3081 Kalo mau makan bareng yg pastinya bikin hemat, pesen GrabFood trus pake fitur Group Order aja  ?? Bisa bebas seenaknya pilih masing2 dan ada diskon s/d Rp150rb. Klik langsung di sini ya????-Budi  
https://t.co/8Zxmd95Xyu """
1659138194242412544;Grab Indonesia;biasalaaahgitu;"@biasalaaahgitu @ikut_mendengar @sbyfess Tenang Kak, kalo mau makan bareng yg pastinya hemat, pesen GrabFood trus pake fitur Group Order aja  ?? Bisa bebas seenaknya pilih masing2 dan ada diskon s/d Rp150rb. Klik langsung di sini ya????-Budi  
https://t.co/8Zxmd95Xyu """
1659138133173350403;Grab Indonesia;reifflepuff;"@reifflepuff Makin seru dan pastinya hemat kalo mau makan bareng tetangga kosan, pesen GrabFood trus pake fitur Group Order aja Kak?? Bisa bebas seenaknya pilih masing2 dan ada diskon s/d Rp150rb. Klik langsung di sini ya????-Budi  
https://t.co/8Zxmd95Xyu """
1659084513723514880;tita;;RT @bittercaffeines: Domino’$ pizza drama bgt jir masa gabisa mesen lewat grab. Giliran pake app lgsg dibikinin. Mentang2 grab ada voucher…
1659077903219302408;sekar ??;;Domino’$ pizza drama bgt jir masa gabisa mesen lewat grab. Giliran pake app lgsg dibikinin. Mentang2 grab ada voucher diskon trs gaboleh order di grab gitu? https://t.co/OU6txAwe4F
1659067098533081089;Pantai Timur Sumsel;;Kode Promo Grab Hari Ini 18 Mei 2023, Diskon GrabBike, GrabMart dan GrabCar Rp 50 ribu Pakai Debit https://t.co/3D1F38d4ux https://t.co/CkgNj4tHuI
1659048393568817153;Riririririri ??;KediriFess;@KediriFess grab bukannya diskon ya
1658989642056896513;info diskon semarang;;"RT @GrabID: Waaah, pasti pada pake Clean & Fix di Grab nih. ?? 
Biar kamu makin semangat bebenah rumah sambil leha-leha, aku kasih promo.
Ad…"
1658969344456687616;Grab Indonesia;haobinsmile;@haobinsmile Kak, kalo mau pesen makan barengan, pake fitur Group Order di GrabFood aja. Bisa bebas seenaknya pilih masing2, apalagi ada diskon s/d Rp150rb, jadi gausah repot2 muterin HP nanyain satu-satu mau jajan apa deh xixi. Klik langsung di sini ya ???? -Mawar  https://t.co/8Zxmd95Xyu
1658969259626868736;Grab Indonesia;shateav;@shateav Biar seru, pesen makan bareng temen pake fitur Group Order di GrabFood aja Kak. Bisa bebas seenaknya pilih masing2, apalagi ada diskon s/d Rp150rb, jadi makin hemat juga. Klik langsung di sini ya ???? -Mawar https://t.co/8Zxmd95Xyu
1658969155851419648;Grab Indonesia;ASavarra;@ASavarra Kak, kalo mau pesen makan barengan, pake fitur Group Order di GrabFood aja. Bisa bebas seenaknya pilih masing2, apalagi ada diskon s/d Rp150rb, jadi gausah repot2 muterin HP nanyain satu-satu mau jajan apa deh xixi. Klik langsung di sini ya ???? -Mawar  https://t.co/8Zxmd95Xyu
1658969043259502593;Grab Indonesia;sorereso;@sorereso Wah pas banget nih,  beli makan pake fitur Group Order di GrabFood aja Kak?? bisa bebas seenaknya pilih masing2 & barteran jajan ?? Apalagi ada diskon s/d Rp150rb loh. Yuk langsung klik di sini????-Mawar https://t.co/8Zxmd95Xyu
1658968782017277953;Grab Indonesia;supirCHANGKYUN;@supirCHANGKYUN @TDxCLSD Makin seru, pesen makan barengan, pake fitur Group Order di GrabFood aja Kak. Bisa bebas seenaknya pilih masing2, apalagi ada diskon s/d Rp150rb, jadi gausah repot2 muterin HP nanyain satu-satu mau jajan apa deh xixi. Klik langsung di sini ya ???? -Budi  https://t.co/8Zxmd95Xyu
1658876390895386624;soonie;Piripiripong1;"Ayo test kemampuan toefl kamu untuk mengetahui skor toefl kamu sekarang! dan dapatkan klaim diskon kelas TOEFL hanya 399K dari harga normal 799K!
Kesempatan bagus ini berbatas waktu yah Guys! 
Grab Now! https://t.co/OX2pEksZ64"
1658872174118334464;sikumis;;RT @Morpheant: @teaforbarbs GRAB BANYAK DISKON GOJEK PUNYA APA SELAIN FEE YANG MAKIN MAHAL ITU
1658862665035579392;??;Morpheant;@Morpheant GOJEK JUGA BANYAK DISKON PLIS GRAB ITU DISKONNYA SEUPIL DOANG
1658820944646000640;info diskon surabaya;;"RT @GrabID: Waaah, pasti pada pake Clean & Fix di Grab nih. ?? 
Biar kamu makin semangat bebenah rumah sambil leha-leha, aku kasih promo.
Ad…"
1658812600875106304;Arsh;teaforbarbs;@teaforbarbs GRAB BANYAK DISKON GOJEK PUNYA APA SELAIN FEE YANG MAKIN MAHAL ITU
1658759424645947393;reza shaputra;;"RT @GrabID: Waaah, pasti pada pake Clean & Fix di Grab nih. ?? 
Biar kamu makin semangat bebenah rumah sambil leha-leha, aku kasih promo.
Ad…"
1658750525213655042;Grab Indonesia;ssambat_terosss;@ssambat_terosss Wah pas banget nih,  jajannya pake fitur Group Order di GrabFood aja Kak?? bisa bebas seenaknya pilih masing2 & barteran jajan ?? Apalagi ada diskon s/d Rp150rb loh. Yuk langsung klik di sini????-Tita https://t.co/8Zxmd95Xyu
1658750332242128896;Grab Indonesia;bukanukauka;@bukanukauka Tenang Kak, mau cari makan enak tapi tetap hemat! pake fitur Group Order di GrabFood aja Kak bisa bebas seenaknya pilih masing2?? Apalagi ada diskon s/d Rp150rb loh. Langsung klik di sini????-Tita https://t.co/8Zxmd95Xyu
1658750080659378176;Grab Indonesia;ceweyabangsat;@ceweyabangsat Mau ngemil tapi tetap hemat? pake fitur Group Order di GrabFood aja Kak bisa bebas seenaknya pilih masing2?? Apalagi ada diskon s/d Rp150rb loh. Yuk langsung klik di sini ya????-Tita https://t.co/8Zxmd95Xyu
1658749342893887489;Grab Indonesia;iamyourgems;@iamyourgems Soal makan bareng sih, pesen pake Group Order di GrabFood aja Kak?? pesen ramean bebas seenaknya pilihnya masing-masing! Mumpung ada diskon s/d Rp150rb nih ??. Gak perlu repot & cukup klik pesen di sini ya????-Tita https://t.co/8Zxmd95Xyu
1658749236136275969;Grab Indonesia;yourlovelyb0y;@yourlovelyb0y Makan bareng? Pesen pake Group Order di GrabFood aja Kak, pesen ramean bebas seenaknya pilihnya masing-masing! Mumpung ada diskon s/d Rp150rb nih ??. Langsung pesen di sini ya????-Tita https://t.co/8Zxmd95Xyu
1658748883948945411;Grab Indonesia;dianaayubudii;@dianaayubudii Cusss langsung pesen di GrabFood aja, Kak?? Pake fitur Group Order di GrabFood bisa bebas seenaknya pilih masing2. Apalagi ada diskon s/d Rp150rb?? Klik order di sini ya????-Tita https://t.co/8Zxmd95Xyu
1658748223463526401;Jody;;"RT @GrabID: Waaah, pasti pada pake Clean & Fix di Grab nih. ?? 
Biar kamu makin semangat bebenah rumah sambil leha-leha, aku kasih promo.
Ad…"
1658747851927875584;Grab Indonesia;dolewtte;@dolewtte Eitsss...daripada repot keluar nyari makan pesen di GrabFood aja, Kak?? Pake fitur Group Order di GrabFood bisa bebas seenaknya pilih masing2. Apalagi ada diskon s/d Rp150rb?? Klik order di sini ya????-Tita https://t.co/8Zxmd95Xyu
1658745640082624514;Grab Indonesia;GrabID;"Waaah, pasti pada pake Clean & Fix di Grab nih. ?? 
Biar kamu makin semangat bebenah rumah sambil leha-leha, aku kasih promo.
Ada total diskon s.d. Rp345rb plus GRATIS cobain jasa daily cleaning, khusus bulan Mei. Cuss klik di sini?? https://t.co/dRuMuspsOe https://t.co/HsSnXgG20V"
1658723927424929792;Grab Indonesia;liaa_lam;@liaa_lam Biar makin seru makan barengnya pake fitur Group Order di GrabFood aja yah. Bisa bebas seenaknya pilih masing2, apalagi ada diskon s/d Rp150rb, jadi makin hemat juga. Klik langsung di sini ya ???? -Budi  https://t.co/8Zxmd95Xyu
1658723827021680640;Grab Indonesia;baiu___;@baiu___ @convomfs Kalo lagi nongki trus mau pesen makan barengan, bisa langsung pake fitur Group Order di GrabFood aja Kak. Bisa bebas seenaknya pilih masing2, apalagi ada diskon s/d Rp150rb, jadi makin hemat juga. Klik langsung di sini ya ???? -Budi https://t.co/8Zxmd95Xyu
1658723704636055553;Grab Indonesia;mychicmygembus;@mychicmygembus Biar makin semangat ujiannya, kalo mau pesen makan bareng temen pake fitur Group Order di GrabFood aja Kak. Bisa bebas seenaknya pilih masing2, apalagi ada diskon s/d Rp150rb, jadi makin hemat juga. Klik langsung di sini ya ???? -Budi https://t.co/8Zxmd95Xyu
1658723552554799104;Grab Indonesia;aldihadid_;@aldihadid_ Kak, kalo mau pesen makan barengan, pake fitur Group Order di GrabFood aja ya. Bisa bebas seenaknya pilih masing2, apalagi ada diskon s/d Rp150rb, jadi gausah repot2 muterin HP nanyain satu-satu mau jajan apa deh xixi. Klik langsung di sini ya ???? -Budi https://t.co/8Zxmd95Xyu
1658723381158772736;Grab Indonesia;1nonlynadz;@1nonlynadz Makin seru makan barengnya pake fitur Group Order di GrabFood aja Kak. Bisa bebas seenaknya pilih masing2, apalagi ada diskon s/d Rp150rb, jadi makin hemat juga. Klik langsung di sini ya ???? -Budi https://t.co/8Zxmd95Xyu
1658705780672167936;Pejuang Promo ?????;;"Promo Pulsa & Paket Data | Grab

Kode Promo: GRABDAY

*Diskon 30% (up to 5k)
*Min. transaksi 15k
*Hanya berlaku setiap hari rabu dan untuk pengguna tertentu https://t.co/5WFTza6umt"
1658704944617390080;LatifahApriliani_Tolol;;"Alhmdulliah
Pesan makan di grab untuk luar kota
 kok bisa Rp21.500 diskon ????"
1658673694858952706;portalyogya.com;;"Ada 12 Kode Promo Grab yang bisa kamu gunakan untuk mendapatkan berbagai diskon mulai GrabBike, GrabCar sampai GrabFood.

#portalyogya #Grab 

https://t.co/yzJWVkaSPL"
1658635644837711878;Racunsiamanda;Mandayyaa;Dr st Duri pake Grab ke Pelabuhan Kali Adem. Karena waktu itu gue pagi² banget, grab mobil harganya sekitar 50-an. Tp dapet diskon jadi 40 ribuan. Dan di sini Bapak Grabnya kebetulan nyuruh kita nggak usah bayar. Alias GRATIS! https://t.co/bQlyNahY4i
1658600908362747905;Timmy Christian O;;"Wts wtb voch voucher grab grabbike zonauang promo diskon

Ada 2, cuman 5k per voch senilai 10k https://t.co/LEOEnMLBl5"
1658555704226250752;DanieIsmanto;;"RT @indosatim3: Isi ulang paket data bisa dapet diskon? ??

Bisa banget! Beli paket data di Grab dan nikmati DISKON hingga 5% khusus untukmu…"
1658515631887773698;Hello Zhu??;;"RT @indosatim3: Isi ulang paket data bisa dapet diskon? ??

Bisa banget! Beli paket data di Grab dan nikmati DISKON hingga 5% khusus untukmu…"
1658509633374543873;M. Maulaa??;;"RT @indosatim3: Isi ulang paket data bisa dapet diskon? ??

Bisa banget! Beli paket data di Grab dan nikmati DISKON hingga 5% khusus untukmu…"
1658502232118300673;Daraan;;"RT @indosatim3: Isi ulang paket data bisa dapet diskon? ??

Bisa banget! Beli paket data di Grab dan nikmati DISKON hingga 5% khusus untukmu…"
1658476055420882948;chase pacific;tanyakanrl;@tanyakanrl Tapi emg skill masak itu setidaknya harus ada, mo cewe ato cowo. Gojek, grab, dan shopee ga akan kasi DISKON SEUMUR HIDUP. Ini aja dah makin mahal. Kalo makan di warung itu2 mulu menunya, jadi bosan dan kesehatannya blm terjamin
1658473463613648901;Penjual Jersey RETRO;;"RT @Retro_Sport: Inter Away 3rd 95/96
Jersey rare sob WeKa A3 
Sponsor print biar awet, logo embroidery woven

Available in Tokopedia  ????
A…"
1658425555426103297;Grab Indonesia;velianagita;@velianagita Amiin, good luck ya Kak?? Oh iya, makan barengnya pake fitur Group Order di GrabFood bisa bebas seenaknya pilih masing2. Apalagi ada diskon s/d Rp150rb & gausah repot2 keluar. Klik langsung di sini ya????-Tita https://t.co/8Zxmd95Xyu
1658425302547316736;Grab Indonesia;sitbi9win;@sitbi9win Bingung soal makan? Pesen di GrabFood aja Kak, menunya lengkap & bisa pake Group Order pesen ramean bebas seenaknya pilihnya masing-masing! Mumpung ada diskon s/d Rp150rb nih ??. Langsung pesen di sini ya????-Tita https://t.co/8Zxmd95Xyu
1658425211530928129;Grab Indonesia;rakapranadipaa;@rakapranadipaa Makanya pas buka aja Kak, pake fitur Group Order di GrabFood bisa bebas seenaknya pilih masing2. Apalagi ada diskon s/d Rp150rb?? Klik langsung di sini ya????-Tita https://t.co/8Zxmd95Xyu
1658425044580839424;Grab Indonesia;syounarin;@syounarin Biar hemat, pesen makan barengan aja Kak. Pake fitur Group Order di GrabFood yg bisa bebas seenaknya pilih masing2, apalagi ada diskon s/d Rp150rb, jadi gausah repot2 muterin HP nanyain satu-satu mau jajan apa deh. Klik langsung di sini ya ???? -Mawar  https://t.co/8Zxmd95Xyu
1658424943972081664;Grab Indonesia;stroberiivanila;@stroberiivanila Biar hemat, pesen makan barengan aja Kak. Pake fitur Group Order di GrabFood yg bisa bebas seenaknya pilih masing2, apalagi ada diskon s/d Rp150rb, jadi gausah repot2 muterin HP nanyain satu-satu mau jajan apa deh. Klik langsung di sini ya ???? -Mawar  https://t.co/8Zxmd95Xyu
1658424807267115009;Grab Indonesia;LORELEIisNA;@LORELEIisNA Trus nanti makan bareng keluarga, pake fitur Group Order di GrabFood aja. Bisa bebas seenaknya pilih masing2, apalagi ada diskon s/d Rp150rb ?? Klik langsung di sini ya ???? - Mawar https://t.co/8Zxmd95Xyu
1658424689704988679;Grab Indonesia;indaputric;@indaputric Nah pas banget Kak, nanti makan bareng keluarga, pake fitur Group Order di GrabFood aja. Bisa bebas seenaknya pilih masing2, apalagi ada diskon s/d Rp150rb ?? Klik langsung di sini ya ???? - Mawar https://t.co/8Zxmd95Xyu
1658424603721756673;Grab Indonesia;winteobogor;@winteobogor Nah pas banget Kak, nanti makan bareng keluarga, pake fitur Group Order di GrabFood aja. Bisa bebas seenaknya pilih masing2, apalagi ada diskon s/d Rp150rb ?? Klik langsung di sini ya ???? - Mawar https://t.co/8Zxmd95Xyu
1658424462327570433;Grab Indonesia;mbachaa24;@mbachaa24 Makin seru ngumpul bareng keluarga, kalo  mau pesen makan jgn lupa pake fitur Group Order di GrabFood ya Kak. Bisa bebas seenaknya pilih masing2, apalagi ada diskon s/d Rp150rb, jadi makin hemat juga. Klik langsung di sini ya ???? -Budi   https://t.co/8Zxmd95Xyu
1658424362268233736;Grab Indonesia;ulastings;@ulastings Biar hemat, pesen makan barengan aja Kak. Pake fitur Group Order di GrabFood yg bisa bebas seenaknya pilih masing2, apalagi ada diskon s/d Rp150rb, jadi gausah repot2 muterin HP nanyain satu-satu mau jajan apa deh. Klik langsung di sini ya ???? -Budi  https://t.co/8Zxmd95Xyu
1658423738734641152;Grab Indonesia;Agnessoktoviani;@Agnessoktoviani Kak, kalo mau pesen makan barengan, pake fitur Group Order di GrabFood aja ya. Bisa bebas seenaknya pilih masing2, apalagi ada diskon s/d Rp150rb, jadi gausah repot2 muterin HP nanyain satu-satu mau jajan apa deh xixi. Klik langsung di sini ya ???? -Budi https://t.co/8Zxmd95Xyu
1658422866038386689;Grab Indonesia;tONGseung_;@tONGseung_ Mau jajan ramean, pake fitur Group Order di GrabFood aja Kak bisa bebas seenaknya pilih masing2. Apalagi ada diskon s/d Rp150rb, gausah repot2 muterin HP nanyain satu-satu mau jajan apa deh xixi. Klik langsung di sini ya ???? -Budi  https://t.co/8Zxmd95Xyu
1658422686455046144;Grab Indonesia;shsinjs;@shsinjs Makan di rumah juga bisa pesen GrabFood trus pake fitur Group Order aja Kak. Bisa bebas seenaknya pilih masing2, apalagi ada diskon s/d Rp150rb, jadi gausah repot2 muterin HP nanyain satu-satu mau jajan apa deh. Klik langsung di sini ya ???? -Mawar https://t.co/8Zxmd95Xyu
1658422590577455104;Grab Indonesia;Nasvyhere;@Nasvyhere Nah kalo mau pilih cemilan enak, pake fitur Group Order di GrabFood aja. Bisa bebas seenaknya pilih masing2, apalagi ada diskon s/d Rp150rb, jadi gausah repot2 muterin HP nanyain satu-satu mau jajan apa deh. Klik langsung di sini ya ???? -Mawar https://t.co/8Zxmd95Xyu
1658422496268533761;Grab Indonesia;SungHyeongjun;@SungHyeongjun Nah kalo mau pilih cemilan enak, pake fitur Group Order di GrabFood aja. Bisa bebas seenaknya pilih masing2, apalagi ada diskon s/d Rp150rb, jadi gausah repot2 muterin HP nanyain satu-satu mau jajan apa deh. Klik langsung di sini ya ???? -Mawar https://t.co/8Zxmd95Xyu
1658422390580457473;Grab Indonesia;wisnuu16;@wisnuu16 Kak, kalo mau pesen makan barengan, pake fitur Group Order di GrabFood aja. Bisa bebas seenaknya pilih masing2, apalagi ada diskon s/d Rp150rb, jadi gausah repot2 muterin HP nanyain satu-satu mau jajan apa deh. Klik langsung di sini ya ???? -Budi https://t.co/8Zxmd95Xyu
1658422277653020673;Grab Indonesia;Bubu_xwy;@Bubu_xwy Biar makin hemat, pesen GrabFood trus pake fitur Group Order aja Kak. Bisa bebas seenaknya pilih masing2, apalagi ada diskon s/d Rp150rb, jadi gausah repot2 muterin HP nanyain satu-satu mau jajan apa deh. Klik langsung di sini ya ???? -Budi  https://t.co/8Zxmd95Xyu
1658422174007570433;Grab Indonesia;leodavisi;@leodavisi Biar makin seru makan barengnya, pesen di GrabFood trus pake fitur Group Order aja Kak ?? Bisa bebas seenaknya pilih masing2 dan ada diskon s/d Rp150rb. Klik langsung di sini ya????-Budi https://t.co/8Zxmd95Xyu
1658422083473534976;Grab Indonesia;moonlicth;@moonlicth Mau makan bareng? Pesen pake Group Order di GrabFood aja Kak, pesen ramean bebas seenaknya pilihnya masing-masing! Mumpung ada diskon s/d Rp150rb nih ??. Langsung pesen di sini ya????-Tita https://t.co/8Zxmd95Xyu
1658413745100685312;wts voc grab gosend jasa isi kuisioner;;"wts voc grab ride diskon 95% maks 10k, fee 2k, fast respon chat wa di bio. Only jabodetabek
#zonauang #zonabu #zonajajan https://t.co/9yyGICaT8Q"
1658392504431984641;Diskon Link;;Promo Grab Hari Ini 16 Mei 2023, Ada Festival Mart diskon Rp 50 ribu, GrabFood Potongan Rp 150 Ribu    https://t.co/e38OOxF2Gq https://t.co/c1skKNohHB
1658351716939726849;Fadilah (bukan orang batak);sunpriiddee;astagfirullah,, bener bener gua baru mencet order di grab, shopee food gua ADA DISKON, YA ALLAH NANGIS BANGET 7 RIBU BEDANYA T_________T
1658348138040791042;GALEON.;;"Harga barang lebih murah daripada aslinya ini baru diskon ??

Iya ini self pickup, self pickupnya grab ini kdg menguntungkan sih, terus  ke resto2 di mall juga kadang pake grab self pickup, dibanding harus antri ya mending pake ini, orang2 msh antri, kita bisa langsung ambil. ?? https://t.co/ctSRYN1UM5"
1658326860768641025;anya;beyourash;@slicesmoon coba lo pake grab, gacoan sering ada diskon di grab btw
1658317457566875649;hiro. || mention after DM;;"WTS voucher gojek area Jabodetabek, Bandung, Surabaya, Makassar, Yogyakarta 
Fee 2k / voc 

#zonauang #zonaba #zonabu 

t. diskon goride voc disc potongan pot grab grabike https://t.co/QArS2XJQZb"
1658281367858446336;Ketan Susu Abis Dibajak;;diskon grab 5rb menyelamatkan hidupku biar ga telat ngantor, thank you @GrabID https://t.co/FIstyqO1NX
1658101613444366337;lumière;klasinaliuz;"Untuk hari ini ada promo untuk manhwa #Kematian_adalah_Akhir_Sang_Antagonis kalo kalian:
• Baca 6 episode dapat 3 tiket hadiah
• Diskon 15 + 5 tiket permanen

GRAB IT FAST!??"
1658057751543840769;M. Azka Arifian ???;;"RT @indosatim3: Isi ulang paket data bisa dapet diskon? ??

Bisa banget! Beli paket data di Grab dan nikmati DISKON hingga 5% khusus untukmu…"
1658027795673681920;biyaa;;Wtb voc voucher diskon potongan promo grab nonton gotg di cgv yang kayak gini #zonauang #zonaba https://t.co/Z4YgUrKPHK
1658003292344180736;Zazu;;halo guys yuk take template layout aku only 130K aja udah dapet material yang bisa di recolor dan material nya bisa di pake di project kalian yang lain so grab it fast guys buy two dapet diskon 30K yuk borong :3 #zonauang?? https://t.co/ForyuUyMd2
1657975065785565185;portalyogya.com;;"Nimati diskon berbagai layanan Grab dari GrabCar hingga GrabFood  dengan mengklaim Kode Promo Grab ini, update 16 Mei 2023.

#portalyogya #Grab 

https://t.co/E57LCsCcfb"
1657974387851788288;GedePangrango ?;;RT @GrabID: Ini dia nih rahasia kirim-kirim sampe puas tanpa dompet gak boncos! Dapetin diskon s.d. 50% tiap kirim tanpa batas dengan langg…
1657972824496308230;Grab Indonesia;GrabID;"Ini dia nih rahasia kirim-kirim sampe puas tanpa dompet gak boncos! Dapetin diskon s.d. 50% tiap kirim tanpa batas dengan langganan paket Ongkir Flat Unlimited!

Psstt…  Sekarang beli paket langganannya GRATIS buat pengguna baru! ???? https://t.co/ECOFn5TRCf https://t.co/vGWDZdG4ln"
1657963720746889218;Raisa Adeline;raisadeline;"Mau pesen lewat grab tidak ada diskon ya kakak, harganya jadi hampir 2x lipat bersama diskon.

Tapi karena keinginan ngopi ini menggebu-gebu, tercetuslah akal-akalan orde baru dengan pesen di apps Fore trus nanti pulang gereja di pick up"
1657952521359601664;Wednesday's child;;coffee toffee diskon 45% di grab.... Bless this monday
1657951764291911680;SCOOPY PSYCOO SRG;;Gratis perjalanan & jajan khusus buatmu! Dapatkan diskon s.d. 36rb saat kamu mencoba Grab hari ini. Cek di sini: https://t.co/wV4GenyXoq
1657947919520260098;Grab Indonesia;achimenmoo;@achimenmoo Nah bisa dialihin biar happy2, pesen makan bareng di GrabFood trus pake fitur Group Order aja Kak?? Bisa bebas seenaknya pilih masing2 dan ada diskon s/d Rp150rb. Klik langsung di sini ya????-Mawar https://t.co/8Zxmd95Xyu
1657947777450799106;Grab Indonesia;jenofisipugm;@jenofisipugm Biar makin seru makan barengnya, pesen di GrabFood trus pake fitur Group Order aja Kak?? Bisa bebas seenaknya pilih masing2 dan ada diskon s/d Rp150rb. Klik langsung di sini ya????-Budi    https://t.co/8Zxmd95Xyu
1657947671309725697;Grab Indonesia;odebukanpuisi;@odebukanpuisi Makin seru makan bareng dikosan, pesen GrabFood trus pake fitur Group Order aja Kak?? Bisa bebas seenaknya pilih masing2 dan ada diskon s/d Rp150rb. Klik langsung di sini ya????-Budi   https://t.co/8Zxmd95Xyu
1657947554901004288;Grab Indonesia;babaaannnn;@babaaannnn @berrybinsundae Kak, kalo mau jajan bareng, pake fitur Group Order di GrabFood aja. Selain banyak pilihan, ada diskon s/d Rp150rb, juga gausah repot2 muterin HP nanyain satu-satu mau makan apa hehe. Klik langsung di sini ya????-Budi   https://t.co/8Zxmd95Xyu
1657947423875170305;Grab Indonesia;slyshypeach;@slyshypeach Nanti pas temu kangen, kalo mau makan barengan pesennya di GrabFood trus pake fitur Group Order ya Kak. Selain banyak pilihan, ada diskon s/d Rp150rb, juga gausah repot2 muterin HP nanyain mau makan apa hehe. Klik langsung di sini ya????-Budi   https://t.co/8Zxmd95Xyu
1657947305058906113;Grab Indonesia;banjarbase;@banjarbase Nder, kalo mau makan barengan, pake fitur Group Order di GrabFood aja. Selain banyak pilihan, ada diskon s/d Rp150rb, juga gausah repot2 muterin HP nanyain satu-satu mau makan apa hehe. Klik langsung di sini ya????-Budi  https://t.co/8Zxmd95Xyu
1657947194522214400;Grab Indonesia;edo_danilyan;@edo_danilyan Biar makin asik ngumpulnya, kalo mau beli makan atau jajan ramean bs langsung pesen GrabFood trus pake fitur Group Order aja Kak?? Bisa bebas seenaknya pilih masing2 dan juga ada diskon s/d Rp150rb. Klik langsung di sini ya????-Budi  https://t.co/8Zxmd95Xyu
1657947066281398273;Grab Indonesia;MoyKahiyank;@MoyKahiyank Biar makin asik nongkinya, kalo mau makan bareng bs langsung pesen GrabFood trus pake fitur Group Order aja Kak?? Bisa bebas seenaknya pilih masing2 dan juga ada diskon s/d Rp150rb. Klik langsung di sini ya????-Budi https://t.co/8Zxmd95Xyu
1657940824347541505;Grab Indonesia;indomeegoreng_;@indomeegoreng_ Wah kalo gitu ajak makan barengnya pake GrabFood aja Kak Saat ini ada fitur Group Order, pesen ramean bebas seenaknya pilihnya masing-masing! Ada diskon s/d Rp150rb juga loh ??. Yuk langsung pesen di sini ya????-Tita https://t.co/8Zxmd95Xyu
1657928128361267200;Universitas Internasional Batam;UIBatam;"Adapun terms and condition untuk penggunaan kode diskon adalah:
- Penggunaan Grab Car dengan maksimal diskon Rp9.000,-
- Penggunaan Grab Bike dengan maksimal diskon Rp6.000,-
- Penggunaan Grab Food dengan maksimal diskon Rp20.000,-"
1657740980324564995;?;sourseraph;@sourseraph pake grab food! gue biasanya gratis ongkir + diskon
1657716775486918657;san;;lah grab ternyata bisa pake 2 voucher ya, selama ini cuma pake 1 voucher diskon tanpa pake voucher gratong ??
1657708343346233345;klar ?? mt after dm;klarisaurus;di grab nda ada diskon + mark up jauhh, di shopee hari ini udh tutup ?? padahal deket hiks lum rejeki
1657697050455330816;?;;"wts voc gofood
diskon 45% maks 25k 
minimal belanja 25k
belom G+ 
fee 2k

SISA 1 VOUCHER grab it fast!???

#zonauang"
1657687717319413761;force gf era;;Sekilas info friend kalo lg di thai mau pesen makanan dr grab bisa pake kode promo : FORCEBOOK biar dapet diskon 30% minimal 300b upto 90b WKWKKW kan mayan kan ????Info dr mimin openchat WKWKKWKW https://t.co/9LLadYVJ37
1657675211905593344;Aris Budiman;;"RT @Retro_Sport: Inter Away 3rd 95/96
Jersey rare sob WeKa A3 
Sponsor print biar awet, logo embroidery woven

Available in Tokopedia  ????
A…"
1657669952294330369;Yhwach;;"RT @Retro_Sport: Inter Away 3rd 95/96
Jersey rare sob WeKa A3 
Sponsor print biar awet, logo embroidery woven

Available in Tokopedia  ????
A…"
1657663318881083392;Silvia Julianty ??;;Shopee diskon ongkir 2k grab 1k kaya buat ap gt
1657657002510942209;Joki Tugas Unud;aldapstsr;@aldapstsr Klo naik ojol jg, pasti klo grab ga diskon, gojek diskon, ato sebaliknya
1657630239571451905;geviruw;;grab ko gaada diskon grabfood lagi si :((((
1657618790111408128;Walrus ?;;"RT @Retro_Sport: Inter Away 3rd 95/96
Jersey rare sob WeKa A3 
Sponsor print biar awet, logo embroidery woven

Available in Tokopedia  ????
A…"
1657618209464537092;Penjual Jersey RETRO;;"Inter Away 3rd 95/96
Jersey rare sob WeKa A3 
Sponsor print biar awet, logo embroidery woven

Available in Tokopedia  ????
Ada diskon 10% & FREE ONGKIR
https://t.co/aYWzlSrAgT

GRAB ITS FAST ??

#jerseyklasik #jerseyretrointer https://t.co/WqWXiBqIBH"
1657607756088766464;Grab Indonesia;aprilbigwinsss;@aprilbigwinsss @crypto_inez Good luck ya Kak. Pesen baksonya pake Group Order di GrabFood aja Kak, pesen ramean bebas seenaknya pilihnya masing-masing! Mumpung ada diskon s/d Rp150rb nih ??. Langsung pesen di sini ya????-Tita https://t.co/8Zxmd95Xyu
1657607700094803968;Grab Indonesia;xxnebulaaa;@xxnebulaaa Mau jajan tapi tetap hemat? pake fitur Group Order di GrabFood aja Kak bisa bebas seenaknya pilih masing2. Apalagi ada diskon s/d Rp150rb, gausah repot2 muterin HP nanyain satu-satu mau jajan apa deh xixi. Klik langsung di sini ya????-Tita https://t.co/8Zxmd95Xyu
1657607644897755136;Grab Indonesia;intrestednt;@intrestednt Pesen pake Group Order di GrabFood aja Kak, pesen ramean bebas seenaknya pilihnya masing-masing! Mumpung ada diskon s/d Rp150rb nih ??. Langsung pesen di sini ya????-Tita https://t.co/8Zxmd95Xyu
1657607590015291393;Grab Indonesia;ohnojennie;@ohnojennie @rpursof @fkparinduri @cristianebianto @dinanfakhri @nopandika Mau anniversary? Pesen pake Group Order di GrabFood aja Kak, pesen ramean bebas seenaknya pilihnya masing-masing ! Mumpung ada diskon s/d Rp150rb nih ??. Langsung pesen di sini ya????-Tita https://t.co/8Zxmd95Xyu
1657599244910592000;?;;"wts voc gofood
diskon 45% maks 25k 
minimal belanja 25k
belom G+ 
fee 2k

SISA 2 VOUCHER grab it fast

#zonauang"
1657565664545210374;bismit?? jual app premium!?;;"Wts voucher nonton guardians of the galaxy 3 di CGV

Fee 10k/each

gotg 3 voucher grab diskon nonton

#zonauang https://t.co/NEJrzc5Zy5"
1657410502367260672;rraaii ??___??;;SETUJU ANJRITTT GRAB BANYAK VOUCHER DISKON WKSKQKKA https://t.co/oQcLsg93aD
1657396247895097344;yuka;GrabID;@GrabID saya berlangganan paket diskon Grab Unlimited. pd keterangan diskon dpt digunakan utk semua jenis pembayaran trmsk OVO Points. namun saat saya gunakan pembayaran tunai, voucher tdk bs digunakan pdhl masa berlaku msh lama & hari itu saya blm memakai voucher sama sekali. https://t.co/t68jPDMAIS
1657390920260816903;??;;RILLLL!! Aku gojek dan grab sih yg soalnya shopeefood msih jrg bgt drivernya di ptk. Ngebandingin ongkir+besar diskon???? alias gk mw rugiii akwwkwkwwkw https://t.co/Mte01rSMjt
1657381072307630086;•?•;;"Sekarang lebih murah dan banyak diskon di grab. Tapi kalau lagi ada event, gojek diskonnya lebih gedee ??????
Makanan yang harusnya 150k, setelah diskon harga bersihnya bisa cuma 30k (ofkors setengah discnya cb gopay coins) https://t.co/h4B7eHJ3MC"
1657372278496329728;????????;;Ini grab kk murah bner ngasih diskon
1657359866279890945;Si A;aldapstsr;@aldapstsr Barusan gw milih gojek karena dapet diskon 25rb, grab cuman 3rb wkwk
1657358550723891200;aw rice bowls taste good;;"RT @BlueBMarket: Anyeong ARMY! ???
Kita lagi open PO lanyard MURCE BANGET buat August D in Jakarta lohh! ??

??Khusus PO kita kasih diskon ja…"
1657349680018391041;smolguy91;aldapstsr;"@aldapstsr Worth top up buat ilangin ongkir tp tricky buat dapet diskon ya Grab

Worth buat yg nyari banyak potongan ongkir tp agak tricky buat diskon minimal pembelian ya Gojek

Worth buat nyari diskon buat makan 1 org tp tricky masalah ongkir ya Shopee

Sekian komparasi saya, terimagaji"
1657335534208040960;??;;Sekarang lagi pake grab, kalo gaada diskon, masih bisa pake gratong + biaya layanannya paling murah?? https://t.co/mTJD7woiz4
1657332031259545605;vii;kiranaazy;@kiranaazy real mayyy???? kadang murahan sopifud kalo gacoan, tp overall grab menang soalnya sering ada diskon ntah itu 20% ato 35%
1657329027798159360;via??;veeiiyya;apalagi klo bareng” di asrama “lu cek di go lu di grab gue di shopee” trs pilih yg paling murah dan diskon gede??
1657318744765632512;??;;-- SERIUSAN MO NANGIS BANGET NGIDAM BANGET PEMPEK PALEMBANG BENERAN TAPI DI GRAB FOOD GA ADA DISKON ????????????
1657315503793377281;Grab Indonesia;SputraRafy;"@SputraRafy Biar makin asik makan barengnya langsung pesen GrabFood trus pake fitur Group Order aja Kak?? Bisa bebas seenaknya pilih masing2 dan juga ada diskon s/d Rp150rb. Klik langsung di sini ya????-Budi   
https://t.co/8Zxmd95Xyu"
1657315440438435841;Grab Indonesia;sedaishooky;"@sedaishooky Ga usah bingung, kalo mau makan bareng langsung pesan di GrabFood aja trus pake fitur Group Order Kak. Selain banyak pilihan, ada diskon s/d Rp150rb, juga gausah repot2 muterin HP nanyain satu-satu mau makan apa hehe. Klik langsung di sini ya????-Budi
https://t.co/8Zxmd95Xyu"
1657315358074867713;Grab Indonesia;emergencypIace;"@emergencypIace Kak, kalo mau makan bareng keluarga, pake fitur Group Order di GrabFood aja. Bisa bebas seenaknya pilih masing2, apalagi ada diskon s/d Rp150rb ?? Klik langsung di sini ya ???? - Budi
https://t.co/8Zxmd95Xyu"
1657315281705013248;Grab Indonesia;supirHAEWON;"@supirHAEWON Tambah asik makan barengnya langsung pesen GrabFood trus pake fitur Group Order aja Kak?? Bisa bebas seenaknya pilih masing2 dan ada diskon s/d Rp150rb. Klik langsung di sini ya????-Budi  
https://t.co/8Zxmd95Xyu"
1657315198905257991;Grab Indonesia;lakiharum;"@lakiharum Makin seru makan bareng tetangga kosan, pesen GrabFood trus pake fitur Group Order aja Kak?? Bisa bebas seenaknya pilih masing2 dan ada diskon s/d Rp150rb. Klik langsung di sini ya????-Budi 
https://t.co/8Zxmd95Xyu"
1657315101693845505;Grab Indonesia;breathlesspoet;"@breathlesspoet Nah pas banget nanti bisa info mama, pesan makan  pake fitur Group Order di GrabFood aja Kak, banyak pilihan nya. Apalagi ada diskon s/d Rp150rb, gausah repot2 muterin HP nanyain satu-satu mau jajan apa deh hehe. Klik langsung di sini ya????-Mawar
https://t.co/8Zxmd95Xyu"
1657315009742123008;Grab Indonesia;marxxdie;"@marxxdie Nah pas banget nanti, pesan makan nya bareng aja pake fitur Group Order di GrabFood aja Kak, banyak pilihan nya. Apalagi ada diskon s/d Rp150rb, gausah repot2 muterin HP nanyain satu-satu mau jajan apa deh hehe. Klik langsung di sini ya????-Mawar
https://t.co/8Zxmd95Xyu"
1657314937335873537;Grab Indonesia;cokataya;@cokataya Mau traktir makanan enak, pesen pake Group Order di GrabFood aja Kak?? pesen barengan bebas seenaknya pilihnya masing-masing! Mumpung ada diskon s/d Rp150rb nih ??. Langsung pesen di sini ya????-Mawar https://t.co/8Zxmd95Xyu
1657314875469869058;Grab Indonesia;CasshavaChip;@CasshavaChip Mau traktir makanan enak, pesen pake Group Order di GrabFood aja Kak?? pesen ramean bebas seenaknya pilihnya masing-masing! Mumpung ada diskon s/d Rp150rb nih ??. Langsung pesen di sini ya????-Mawar https://t.co/8Zxmd95Xyu
1657314776870195202;Grab Indonesia;biggalaxyy;@biggalaxyy Wah pas banget nih, pake fitur Group Order di GrabFood aja Kak?? Bisa bebas seenaknya pilih masing2. Apalagi ada diskon s/d Rp150rb, gausah repot2 muterin HP nanyain satu-satu mau jajan apa deh xixi. Klik langsung di sini ya????-Mawar https://t.co/8Zxmd95Xyu
1657305101068038144;Mbak Herrr ??;masharena_;@masharena_ Udah ga dapet diskon di Grab nya wkwk percumaaaa ???? Mana service charge nya gede wkwk belom annualnya, hhh capee
1657272563725377537;jinnikii;;grab food gaada diskon kah????
1657198211466158080;Hent Veargo;;RT @smartfrenworld: Ramadan seru! Beli paket data bisa dapet diskon hingga 10rb. Waduh tunggu apalagi?? Yuk deh beli sekarang! ???? https://t…
